{
  "users": {
    "6281937707120@s.whatsapp.net": {
      "premiumTime": 0,
      "premium": false
    },
    "62895320572114@s.whatsapp.net": {
      "premiumTime": 0,
      "premium": false
    },
    "6288267079239@s.whatsapp.net": {
      "premiumTime": 0,
      "premium": false
    },
    "6282214757549@s.whatsapp.net": {
      "premiumTime": 0,
      "premium": false
    },
    "6289507493483@s.whatsapp.net": {
      "premiumTime": 0,
      "premium": false
    },
    "6282322181386@s.whatsapp.net": {
      "premiumTime": 0,
      "premium": false
    },
    "62881012043241@s.whatsapp.net": {
      "premiumTime": 0,
      "premium": false
    },
    "6288228715876@s.whatsapp.net": {
      "premiumTime": 0,
      "premium": false
    },
    "6281315098772@s.whatsapp.net": {
      "premiumTime": 0,
      "premium": false
    },
    "6287724778834@s.whatsapp.net": {
      "premiumTime": 0,
      "premium": false
    },
    "6285860632325@s.whatsapp.net": {
      "premiumTime": 0,
      "premium": false
    },
    "6283139216287@s.whatsapp.net": {
      "premiumTime": 0,
      "premium": false
    },
    "6283899636106@s.whatsapp.net": {
      "premiumTime": 0,
      "premium": false
    },
    "6289528076143@s.whatsapp.net": {
      "premiumTime": 0,
      "premium": false
    },
    "6283866043444@s.whatsapp.net": {
      "premiumTime": 0,
      "premium": false
    },
    "6285664731916@s.whatsapp.net": {
      "premiumTime": 0,
      "premium": false
    },
    "6289654096234@s.whatsapp.net": {
      "premiumTime": 0,
      "premium": false
    },
    "6282184186757@s.whatsapp.net": {
      "premiumTime": 0,
      "premium": false
    },
    "6285379965673@s.whatsapp.net": {
      "premiumTime": 0,
      "premium": false
    },
    "6285398281381@s.whatsapp.net": {
      "premiumTime": 0,
      "premium": false
    },
    "6282154770530@s.whatsapp.net": {
      "premiumTime": 0,
      "premium": false
    },
    "6285755495216@s.whatsapp.net": {
      "premiumTime": 0,
      "premium": false
    },
    "6283141019167@s.whatsapp.net": {
      "premiumTime": 0,
      "premium": false
    },
    "6282286487441@s.whatsapp.net": {
      "premiumTime": 0,
      "premium": false
    },
    "6281574681148@s.whatsapp.net": {
      "premiumTime": 0,
      "premium": false
    },
    "6287835029802@s.whatsapp.net": {
      "premiumTime": 0,
      "premium": false
    },
    "6288287091943@s.whatsapp.net": {
      "premiumTime": 0,
      "premium": false
    },
    "62895614033342@s.whatsapp.net": {
      "premiumTime": 0,
      "premium": false
    },
    "6287820097423@s.whatsapp.net": {
      "premiumTime": 0,
      "premium": false
    },
    "6289502101285@s.whatsapp.net": {
      "premiumTime": 0,
      "premium": false
    },
    "6287790482501@s.whatsapp.net": {
      "premiumTime": 0,
      "premium": false
    },
    "62831972114718@s.whatsapp.net": {
      "premiumTime": 0,
      "premium": false
    },
    "6285718080069@s.whatsapp.net": {
      "premiumTime": 0,
      "premium": false
    },
    "6287847200911@s.whatsapp.net": {
      "premiumTime": 0,
      "premium": false
    },
    "6282229319131@s.whatsapp.net": {
      "premiumTime": 0,
      "premium": false
    },
    "6283892198234@s.whatsapp.net": {
      "premiumTime": 0,
      "premium": false
    },
    "6285239853355@s.whatsapp.net": {
      "premiumTime": 0,
      "premium": false
    },
    "62895338503907@s.whatsapp.net": {
      "premiumTime": 0,
      "premium": false
    },
    "6281229875022@s.whatsapp.net": {
      "premiumTime": 0,
      "premium": false
    },
    "6283898162584@s.whatsapp.net": {
      "premiumTime": 0,
      "premium": false
    },
    "62895414809370@s.whatsapp.net": {
      "premiumTime": 0,
      "premium": false
    },
    "6285716789427@s.whatsapp.net": {
      "premiumTime": 0,
      "premium": false
    },
    "6281328557368@s.whatsapp.net": {
      "premiumTime": 0,
      "premium": false
    },
    "6288227614613@s.whatsapp.net": {
      "premiumTime": 0,
      "premium": false
    },
    "6289507716368@s.whatsapp.net": {
      "premiumTime": 0,
      "premium": false
    },
    "6287784921752@s.whatsapp.net": {
      "premiumTime": 0,
      "premium": false
    },
    "6282117187108@s.whatsapp.net": {
      "premiumTime": 0,
      "premium": false
    },
    "6289668234990@s.whatsapp.net": {
      "premiumTime": 0,
      "premium": false
    },
    "6282176642989@s.whatsapp.net": {
      "premiumTime": 0,
      "premium": false
    },
    "6281553671793@s.whatsapp.net": {
      "premiumTime": 0,
      "premium": false
    },
    "6282119789748@s.whatsapp.net": {
      "premiumTime": 0,
      "premium": false
    },
    "6283856587684@s.whatsapp.net": {
      "premiumTime": 0,
      "premium": false
    },
    "6285137073500@s.whatsapp.net": {
      "premiumTime": 0,
      "premium": false
    },
    "6282131140856@s.whatsapp.net": {
      "premiumTime": 0,
      "premium": false
    },
    "6289676753517@s.whatsapp.net": {
      "premiumTime": 0,
      "premium": false
    },
    "6285212769105@s.whatsapp.net": {
      "premiumTime": 0,
      "premium": false
    },
    "6285692349098@s.whatsapp.net": {
      "premiumTime": 0,
      "premium": false
    },
    "6282187450211@s.whatsapp.net": {
      "premiumTime": 0,
      "premium": false
    },
    "6285609550953@s.whatsapp.net": {
      "premiumTime": 0,
      "premium": false
    },
    "6281564715717@s.whatsapp.net": {
      "premiumTime": 0,
      "premium": false
    },
    "6288989928085@s.whatsapp.net": {
      "premiumTime": 0,
      "premium": false
    },
    "6281345758772@s.whatsapp.net": {
      "premiumTime": 0,
      "premium": false
    },
    "6287745858644@s.whatsapp.net": {
      "premiumTime": 0,
      "premium": false
    },
    "6281262264300@s.whatsapp.net": {
      "premiumTime": 0,
      "premium": false
    },
    "6283152164431@s.whatsapp.net": {
      "premiumTime": 0,
      "premium": false
    },
    "6281927042685@s.whatsapp.net": {
      "premiumTime": 0,
      "premium": false
    },
    "6285198526337@s.whatsapp.net": {
      "premiumTime": 0,
      "premium": false
    },
    "6285359274032@s.whatsapp.net": {
      "premiumTime": 0,
      "premium": false
    },
    "6283178792462@s.whatsapp.net": {
      "premiumTime": 0,
      "premium": false
    },
    "6287753318478@s.whatsapp.net": {
      "premiumTime": 0,
      "premium": false
    },
    "6289602190401@s.whatsapp.net": {
      "premiumTime": 0,
      "premium": false
    },
    "6282277215954@s.whatsapp.net": {
      "premiumTime": 0,
      "premium": false
    },
    "6285704903036@s.whatsapp.net": {
      "premiumTime": 0,
      "premium": false
    },
    "62881022408393@s.whatsapp.net": {
      "premiumTime": 0,
      "premium": false
    },
    "6283865233188@s.whatsapp.net": {
      "premiumTime": 0,
      "premium": false
    },
    "6282211434568@s.whatsapp.net": {
      "premiumTime": 0,
      "premium": false
    },
    "6285864292638@s.whatsapp.net": {
      "premiumTime": 0,
      "premium": false
    },
    "6285709962795@s.whatsapp.net": {
      "premiumTime": 0,
      "premium": false
    },
    "6283862828038@s.whatsapp.net": {
      "premiumTime": 0,
      "premium": false
    },
    "62895358969207@s.whatsapp.net": {
      "premiumTime": 0,
      "premium": false
    },
    "6285370786474@s.whatsapp.net": {
      "premiumTime": 0,
      "premium": false
    },
    "6288809296115@s.whatsapp.net": {
      "premiumTime": 0,
      "premium": false
    },
    "62882009628941@s.whatsapp.net": {
      "premiumTime": 0,
      "premium": false
    },
    "6289507878417@s.whatsapp.net": {
      "premiumTime": 0,
      "premium": false
    },
    "6283137225821@s.whatsapp.net": {
      "premiumTime": 0,
      "premium": false
    },
    "6285810210368@s.whatsapp.net": {
      "premiumTime": 0,
      "premium": false
    },
    "628567133463@s.whatsapp.net": {
      "premiumTime": 0,
      "premium": false
    },
    "6285758691320@s.whatsapp.net": {
      "premiumTime": 0,
      "premium": false
    },
    "6282327547564@s.whatsapp.net": {
      "premiumTime": 0,
      "premium": false
    },
    "6283137657067@s.whatsapp.net": {
      "premiumTime": 0,
      "premium": false
    },
    "6285789116062@s.whatsapp.net": {
      "premiumTime": 0,
      "premium": false
    },
    "6283135514485@s.whatsapp.net": {
      "premiumTime": 0,
      "premium": false
    },
    "6287841997314@s.whatsapp.net": {
      "premiumTime": 0,
      "premium": false
    },
    "6285183450063@s.whatsapp.net": {
      "premiumTime": 0,
      "premium": false
    },
    "62895386068250@s.whatsapp.net": {
      "premiumTime": 0,
      "premium": false
    },
    "6282289355072@s.whatsapp.net": {
      "premiumTime": 0,
      "premium": false
    },
    "6285274210214@s.whatsapp.net": {
      "premiumTime": 0,
      "premium": false
    },
    "6281646854183@s.whatsapp.net": {
      "premiumTime": 0,
      "premium": false
    },
    "6282192238470@s.whatsapp.net": {
      "premiumTime": 0,
      "premium": false
    },
    "6288286072286@s.whatsapp.net": {
      "premiumTime": 0,
      "premium": false
    },
    "628812078418@s.whatsapp.net": {
      "premiumTime": 0,
      "premium": false
    },
    "6288213733370@s.whatsapp.net": {
      "premiumTime": 0,
      "premium": false
    },
    "6287840829325@s.whatsapp.net": {
      "premiumTime": 0,
      "premium": false
    },
    "6281999558556@s.whatsapp.net": {
      "premiumTime": 0,
      "premium": false
    },
    "6287821297189@s.whatsapp.net": {
      "premiumTime": 0,
      "premium": false
    },
    "6288218692492@s.whatsapp.net": {
      "premiumTime": 0,
      "premium": false
    },
    "628818296153@s.whatsapp.net": {
      "premiumTime": 0,
      "premium": false
    },
    "62857188958256@s.whatsapp.net": {
      "premiumTime": 0,
      "premium": false
    },
    "6281360010419@s.whatsapp.net": {
      "premiumTime": 0,
      "premium": false
    },
    "6283127945486@s.whatsapp.net": {
      "premiumTime": 0,
      "premium": false
    },
    "6282318181737@s.whatsapp.net": {
      "premiumTime": 0,
      "premium": false
    },
    "6283893532314@s.whatsapp.net": {
      "premiumTime": 0,
      "premium": false
    },
    "6283895252997@s.whatsapp.net": {
      "premiumTime": 0,
      "premium": false
    },
    "6282329598720@s.whatsapp.net": {
      "premiumTime": 0,
      "premium": false
    },
    "6285732158212@s.whatsapp.net": {
      "premiumTime": 0,
      "premium": false
    },
    "6283841374634@s.whatsapp.net": {
      "premiumTime": 0,
      "premium": false
    },
    "6281532331804@s.whatsapp.net": {
      "premiumTime": 0,
      "premium": false
    },
    "6285815417458@s.whatsapp.net": {
      "premiumTime": 0,
      "premium": false
    },
    "6288290828027@s.whatsapp.net": {
      "premiumTime": 0,
      "premium": false
    },
    "6285710115864@s.whatsapp.net": {
      "premiumTime": 0,
      "premium": false
    },
    "628990245769@s.whatsapp.net": {
      "premiumTime": 0,
      "premium": false
    },
    "6285715545543@s.whatsapp.net": {
      "premiumTime": 0,
      "premium": false
    },
    "628892900418@s.whatsapp.net": {
      "premiumTime": 0,
      "premium": false
    },
    "6282246554604@s.whatsapp.net": {
      "premiumTime": 0,
      "premium": false
    },
    "62856485083119@s.whatsapp.net": {
      "premiumTime": 0,
      "premium": false
    },
    "6285741148708@s.whatsapp.net": {
      "premiumTime": 0,
      "premium": false
    },
    "6283838147996@s.whatsapp.net": {
      "premiumTime": 0,
      "premium": false
    },
    "6285962823375@s.whatsapp.net": {
      "premiumTime": 0,
      "premium": false
    },
    "6282254525219@s.whatsapp.net": {
      "premiumTime": 0,
      "premium": false
    },
    "628812182128@s.whatsapp.net": {
      "premiumTime": 0,
      "premium": false
    },
    "628983612277@s.whatsapp.net": {
      "premiumTime": 0,
      "premium": false
    },
    "6282171018776@s.whatsapp.net": {
      "premiumTime": 0,
      "premium": false
    },
    "62858898763380@s.whatsapp.net": {
      "premiumTime": 0,
      "premium": false
    },
    "6289508401556@s.whatsapp.net": {
      "premiumTime": 0,
      "premium": false
    },
    "6289516411477@s.whatsapp.net": {
      "premiumTime": 0,
      "premium": false
    },
    "6282241360392@s.whatsapp.net": {
      "premiumTime": 0,
      "premium": false
    },
    "6283141603592@s.whatsapp.net": {
      "premiumTime": 0,
      "premium": false
    },
    "62895392249321@s.whatsapp.net": {
      "premiumTime": 0,
      "premium": false
    },
    "6285896071261@s.whatsapp.net": {
      "premiumTime": 0,
      "premium": false
    },
    "6288221470868@s.whatsapp.net": {
      "premiumTime": 0,
      "premium": false
    },
    "6282282140833@s.whatsapp.net": {
      "premiumTime": 0,
      "premium": false
    },
    "628979746046@s.whatsapp.net": {
      "premiumTime": 0,
      "premium": false
    },
    "6283825907462@s.whatsapp.net": {
      "premiumTime": 0,
      "premium": false
    },
    "6282299038116@s.whatsapp.net": {
      "premiumTime": 0,
      "premium": false
    },
    "6282318829365@s.whatsapp.net": {
      "premiumTime": 0,
      "premium": false
    },
    "6289522928487@s.whatsapp.net": {
      "premiumTime": 0,
      "premium": false
    },
    "6285758082468@s.whatsapp.net": {
      "premiumTime": 0,
      "premium": false
    },
    "628157765467@s.whatsapp.net": {
      "premiumTime": 0,
      "premium": false
    },
    "6285817890965@s.whatsapp.net": {
      "premiumTime": 0,
      "premium": false
    },
    "6289684265057@s.whatsapp.net": {
      "premiumTime": 0,
      "premium": false
    },
    "6282284080402@s.whatsapp.net": {
      "premiumTime": 0,
      "premium": false
    },
    "62895405753446@s.whatsapp.net": {
      "premiumTime": 0,
      "premium": false
    },
    "6285156119027@s.whatsapp.net": {
      "premiumTime": 0,
      "premium": false
    },
    "6289528130440@s.whatsapp.net": {
      "premiumTime": 0,
      "premium": false
    },
    "6283136525569@s.whatsapp.net": {
      "premiumTime": 0,
      "premium": false
    },
    "62857899390643@s.whatsapp.net": {
      "premiumTime": 0,
      "premium": false
    },
    "6285142551532@s.whatsapp.net": {
      "premiumTime": 0,
      "premium": false
    },
    "6285658979620@s.whatsapp.net": {
      "premiumTime": 0,
      "premium": false
    },
    "62895340684706@s.whatsapp.net": {
      "premiumTime": 0,
      "premium": false
    },
    "6287843562794@s.whatsapp.net": {
      "premiumTime": 0,
      "premium": false
    },
    "6285787783294@s.whatsapp.net": {
      "premiumTime": 0,
      "premium": false
    },
    "6283863506852@s.whatsapp.net": {
      "premiumTime": 0,
      "premium": false
    },
    "6282185289272@s.whatsapp.net": {
      "premiumTime": 0,
      "premium": false
    },
    "6282327099972@s.whatsapp.net": {
      "premiumTime": 0,
      "premium": false
    },
    "6282157603715@s.whatsapp.net": {
      "premiumTime": 0,
      "premium": false
    },
    "6283821963960@s.whatsapp.net": {
      "premiumTime": 0,
      "premium": false
    }
  },
  "chats": {
    "6281937707120@s.whatsapp.net": {},
    "120363323140243085@g.us": {},
    "120363327520665750@g.us": {},
    "6281315098772@s.whatsapp.net": {},
    "120363303527874107@g.us": {},
    "120363189227036070@g.us": {},
    "120363332982726150@g.us": {},
    "120363320684106167@g.us": {},
    "120363338906428496@g.us": {},
    "120363351972309876@g.us": {},
    "120363253369839190@g.us": {},
    "120363328086312939@g.us": {},
    "120363337530496178@g.us": {},
    "120363313583500183@g.us": {},
    "120363325964251362@g.us": {},
    "120363296593541816@g.us": {},
    "120363161605768304@g.us": {},
    "120363168762429568@g.us": {},
    "120363328897025549@g.us": {},
    "120363304918892211@g.us": {},
    "120363323517908989@g.us": {},
    "120363021888674548@g.us": {},
    "6288286072286@s.whatsapp.net": {},
    "120363331818711369@g.us": {},
    "120363311283122902@g.us": {},
    "6285379965673@s.whatsapp.net": {}
  },
  "game": {},
  "database": {},
  "settings": {
    "6281937707120@s.whatsapp.net": {
      "status": 0,
      "stock": 10,
      "autobio": false,
      "autoTyping": false,
      "autoRecord": true,
      "autoButton": true,
      "public": false,
      "setPrefix": "all",
      "onlygrub": false,
      "autoread": false,
      "menuType": "buttonImage"
    }
  },
  "setting": {},
  "others": {},
  "sticker": {}
}